<modification>
    <name>VLTech Product Shipping</name>
	<version>3.x</version>
	<link>https://www.freelancer.com/u/vinhtq0703</link>
	<author>VLTect</author>
	<code>vltech_product_shipping</code>

	<file path="admin/controller/catalog/product.php">
        <operation>
            <search><![CDATA[public function index() {]]></search>
            <add position="after"><![CDATA[
        $this->load->model('vltech/custom');
        $this->model_vltech_custom->setupProductShippingCost();
            ]]></add>
        </operation>
        <operation>
            <search><![CDATA[if (isset($this->request->post['shipping'])) {]]></search>
            <add position="before"><![CDATA[
        if (isset($this->request->post['shipping_fee'])) {
            $data['shipping_fee'] = $this->request->post['shipping_fee'];
        } elseif (!empty($product_info) && !empty($product_info['shipping_fee'])) {
            $data['shipping_fee'] = $product_info['shipping_fee'];
        } else {
            $data['shipping_fee'] = '';
        }
            ]]></add>
        </operation>
	</file>

    <file path="admin/language/en-gb/catalog/product.php">
        <operation>
            <search><![CDATA[$_['entry_price']]]></search>
            <add position="before"><![CDATA[
        $_['entry_shipping_fee'] = 'Shipping Fee';
            ]]></add>
        </operation>
    </file>

    <file path="admin/model/catalog/product.php">
        <operation>
            <search><![CDATA[price = '" . (float)$data['price'] . "',]]></search>
            <add position="replace"><![CDATA[price = '" . (float)$data['price'] . "', shipping_fee = '" . (float)$data['shipping_fee'] . "',]]></add>
        </operation>
    </file>

    <file path="admin/view/template/catalog/product_form.twig">
        <operation>
            <search><![CDATA[<label class="col-sm-2 control-label" for="input-price">{{ entry_price }}</label>]]></search>
            <add position="before"><![CDATA[
                    <label class="col-sm-2 control-label" for="input-shipping-fee">{{ entry_shipping_fee }}</label>
                    <div class="col-sm-10">
                        <input type="text" name="shipping_fee" value="{{ shipping_fee }}" placeholder="{{ entry_shipping_fee }}" id="input-shipping-fee" class="form-control" />
                    </div>
                </div>
              <div class="form-group">
            ]]></add>
        </operation>
    </file>

    <file path="catalog/model/catalog/product.php">
        <operation>
            <search><![CDATA[$query->row['special'],]]></search>
            <add position="after"><![CDATA[
            'shipping_fee'     => $query->row['shipping_fee'],
            ]]></add>
        </operation>
    </file>

    <file path="catalog/controller/product/product.php">
        <operation>
            <search><![CDATA[if ((float)$product_info['special']) {]]></search>
            <add position="before"><![CDATA[
            if ($this->customer->isLogged() || !$this->config->get('config_customer_price')) {
                $data['shipping_fee'] = $this->currency->format($this->tax->calculate($product_info['shipping_fee'], $product_info['tax_class_id'], $this->config->get('config_tax')), $this->session->data['currency']);
            } else {
                $data['shipping_fee'] = false;
            }
            ]]></add>
        </operation>
    </file>

    <file path="catalog/language/en-gb/product/product.php">
        <operation>
            <search><![CDATA[$_['text_stock']]]></search>
            <add position="before"><![CDATA[
            $_['text_shipping_fee']               = 'Shipping Fee';
            ]]></add>
        </operation>
    </file>

    <file path="catalog/controller/checkout/cart.php">
        <operation>
            <search><![CDATA[$price = $this->currency->format($unit_price, $this->session->data['currency']);]]></search>
            <add position="before"><![CDATA[
            $shipping_fee = $this->currency->format($this->tax->calculate($product['shipping_fee'], $product['tax_class_id'], $this->config->get('config_tax')), $this->session->data['currency']);
            ]]></add>
        </operation>
        <operation>
            <search><![CDATA[$price = false;]]></search>
            <add position="before"><![CDATA[
            $shipping_fee = false;
            ]]></add>
        </operation>
        <operation>
            <search><![CDATA[=> $price,]]></search>
            <add position="after"><![CDATA[
            'shipping_fee'     => $shipping_fee,
            ]]></add>
        </operation>
    </file>

    <file path="system/library/cart/cart.php">
        <operation>
            <search><![CDATA[($price + $option_price),]]></search>
            <add position="after"><![CDATA[
            'shipping_fee'        => $product_query->row['shipping_fee'],
            ]]></add>
        </operation>
    </file>

    <file path="catalog/language/en-gb/checkout/cart.php">
        <operation>
            <search><![CDATA[$_['text_recurring']]]></search>
            <add position="before"><![CDATA[
            $_['text_shipping_fee']               = 'Shipping Fee';
            ]]></add>
        </operation>
    </file>
</modification>